{
    "Actors": [
        {
            "polymorphic_id": 2147483649,
            "polymorphic_name": "AAwesomeBox",
            "ptr_wrapper": {
                "valid": 1,
                "data": {
                    "AActor": {
                        "name": "AwesomeBox (0)",
                        "transform": {
                            "position": {
                                "x": 4.207000732421875,
                                "y": 0.0,
                                "z": 0.0
                            },
                            "rotation": {
                                "x": 0.4359753131866455,
                                "y": 0.21696987748146058,
                                "z": 0.1091516762971878,
                                "w": -0.8666236400604248
                            },
                            "scale": {
                                "x": 1.390000820159912,
                                "y": 1.3899999856948853,
                                "z": 1.390000820159912
                            },
                            "skew": {
                                "x": 0.0,
                                "y": 0.0,
                                "z": 0.0
                            },
                            "perspective": {
                                "x": 0.0,
                                "y": 0.0,
                                "z": 0.0,
                                "w": 1.0
                            }
                        }
                    }
                }
            }
        },
        {
            "polymorphic_id": 1,
            "ptr_wrapper": {
                "valid": 1,
                "data": {
                    "AActor": {
                        "name": "AwesomeBox (1)",
                        "transform": {
                            "position": {
                                "x": -3.163045883178711,
                                "y": 1.1067194938659669,
                                "z": -0.9819793701171875
                            },
                            "rotation": {
                                "x": 0.4494316577911377,
                                "y": 0.0,
                                "z": 0.0,
                                "w": -0.8933748006820679
                            },
                            "scale": {
                                "x": 2.8449137210845949,
                                "y": 1.6332387924194337,
                                "z": 2.963958740234375
                            },
                            "skew": {
                                "x": 0.0,
                                "y": 0.0,
                                "z": 0.0
                            },
                            "perspective": {
                                "x": 0.0,
                                "y": 0.0,
                                "z": 0.0,
                                "w": 1.0
                            }
                        }
                    }
                }
            }
        }
    ]
}