{
    "Actors": [
        {
            "polymorphic_id": 1073741824,
            "ptr_wrapper": {
                "id": 2147483649,
                "data": {
                    "name": "Backpack",
                    "transform": {
                        "position": {
                            "x": -1.3863193260021945e-7,
                            "y": 0.0014134390512481332,
                            "z": -1.5858256816864014
                        },
                        "rotation": {
                            "x": -9.099629778575036e-7,
                            "y": 1.0,
                            "z": -9.099629778575036e-7,
                            "w": -4.371055695173709e-8
                        },
                        "scale": {
                            "x": 0.9999998807907105,
                            "y": 0.9999960660934448,
                            "z": 0.9999998807907105
                        },
                        "skew": {
                            "x": 0.0,
                            "y": 0.0,
                            "z": -4.541567385292662e-14
                        },
                        "perspective": {
                            "x": 0.0,
                            "y": 0.0,
                            "z": 0.0,
                            "w": 1.0
                        }
                    },
                    "components": [
                        {
                            "polymorphic_id": 2147483649,
                            "polymorphic_name": "UStaticModelComponent",
                            "ptr_wrapper": {
                                "valid": 1,
                                "data": {
                                    "UComponent": {
                                        "owner": {
                                            "polymorphic_id": 1073741824,
                                            "ptr_wrapper": {
                                                "id": 1
                                            }
                                        },
                                        "isActive": true
                                    },
                                    "ShaderPaths": {
                                        "value0": "Assets/Shaders/LoadModel.vert",
                                        "value1": "Assets/Shaders/LoadModel.frag",
                                        "value2": "",
                                        "value3": "LoadModel"
                                    },
                                    "ModelPath": "Assets/Models/backpack/backpack.obj"
                                }
                            }
                        }
                    ]
                }
            }
        },
        {
            "polymorphic_id": 1073741824,
            "ptr_wrapper": {
                "id": 2147483650,
                "data": {
                    "name": "Mario",
                    "transform": {
                        "position": {
                            "x": 0.0,
                            "y": -2.7664716243743898,
                            "z": 0.0
                        },
                        "rotation": {
                            "x": 0.0,
                            "y": 0.0,
                            "z": 0.0,
                            "w": 1.0
                        },
                        "scale": {
                            "x": 1.0,
                            "y": 1.0,
                            "z": 1.0
                        },
                        "skew": {
                            "x": 0.0,
                            "y": 0.0,
                            "z": 0.0
                        },
                        "perspective": {
                            "x": 0.0,
                            "y": 0.0,
                            "z": 0.0,
                            "w": 1.0
                        }
                    },
                    "components": [
                        {
                            "polymorphic_id": 1,
                            "ptr_wrapper": {
                                "valid": 1,
                                "data": {
                                    "UComponent": {
                                        "owner": {
                                            "polymorphic_id": 1073741824,
                                            "ptr_wrapper": {
                                                "id": 2
                                            }
                                        },
                                        "isActive": true
                                    },
                                    "ShaderPaths": {
                                        "value0": "Assets/Shaders/LoadModel.vert",
                                        "value1": "Assets/Shaders/LoadModel.frag",
                                        "value2": "",
                                        "value3": "LoadModel"
                                    },
                                    "ModelPath": "Assets/Models/mario/mario-tex.obj"
                                }
                            }
                        }
                    ]
                }
            }
        }
    ]
}