{
    "Actors": [
        {
            "polymorphic_id": 2147483649,
            "polymorphic_name": "AAwesomeBox",
            "ptr_wrapper": {
                "valid": 1,
                "data": {
                    "AActor": {
                        "name": "poop",
                        "transform": {
                            "position": {
                                "x": -1.5330275297164918,
                                "y": 0.14150619506835938,
                                "z": 0.0
                            },
                            "rotation": {
                                "x": 0.0,
                                "y": 0.0,
                                "z": 0.0,
                                "w": 1.0
                            },
                            "scale": {
                                "x": 1.0,
                                "y": 1.0,
                                "z": 1.0
                            }
                        }
                    }
                }
            }
        },
        {
            "polymorphic_id": 1,
            "ptr_wrapper": {
                "valid": 1,
                "data": {
                    "AActor": {
                        "name": "AwesomeBox (1)",
                        "transform": {
                            "position": {
                                "x": 1.367936372756958,
                                "y": 1.0849175453186036,
                                "z": 0.0
                            },
                            "rotation": {
                                "x": 0.3546459674835205,
                                "y": 0.0,
                                "z": 0.0,
                                "w": 0.9350006580352783
                            },
                            "scale": {
                                "x": 1.0,
                                "y": 0.9999999403953552,
                                "z": 0.9999999403953552
                            }
                        }
                    }
                }
            }
        },
        {
            "polymorphic_id": 1,
            "ptr_wrapper": {
                "valid": 1,
                "data": {
                    "AActor": {
                        "name": "AwesomeBox (2)",
                        "transform": {
                            "position": {
                                "x": 0.8570521473884583,
                                "y": -0.9552009105682373,
                                "z": -0.0204925537109375
                            },
                            "rotation": {
                                "x": 0.0,
                                "y": 0.0,
                                "z": 0.0,
                                "w": 1.0
                            },
                            "scale": {
                                "x": 2.2424004077911379,
                                "y": 1.0,
                                "z": 0.959014892578125
                            }
                        }
                    }
                }
            }
        }
    ]
}