{
    "Actors": [
        {
            "polymorphic_id": 2147483649,
            "polymorphic_name": "AAwesomeBox",
            "ptr_wrapper": {
                "valid": 1,
                "data": {
                    "AActor": {
                        "name": "AwesomeBox (2)",
                        "transform": {
                            "position": {
                                "x": -0.5024775266647339,
                                "y": -0.30168282985687258,
                                "z": -0.0204925537109375
                            },
                            "rotation": {
                                "x": 0.0,
                                "y": 0.0,
                                "z": 0.0,
                                "w": 1.0
                            },
                            "scale": {
                                "x": 4.786059379577637,
                                "y": 2.822148561477661,
                                "z": 0.959014892578125
                            }
                        }
                    }
                }
            }
        }
    ]
}